{
  "items": [
    {
      "groupid": "custom",
      "urlOrPath": "",
      "remark": "Custom",
      "editAble": true,
      "groups": [
        {
          "groupid": "custom",
          "name": "V2Persia",
          "type": "",
          "domain_suffix": [
            ".mlgolden.site"
          ],
          "rule_set": [
            "https://raw.githubusercontent.com/Chocolate4U/Iran-sing-box-rules/rule-set/geoip-ir.srs",
            "https://raw.githubusercontent.com/Chocolate4U/Iran-sing-box-rules/rule-set/geosite-ir.srs"
          ]
        }
      ]
    }
  ],
  "rule_set_items": [
    {
      "tag": "https://raw.githubusercontent.com/Chocolate4U/Iran-sing-box-rules/rule-set/geoip-ir.srs",
      "type": "remote",
      "format": "binary",
      "url": "https://raw.githubusercontent.com/Chocolate4U/Iran-sing-box-rules/rule-set/geoip-ir.srs"
    },
    {
      "tag": "https://raw.githubusercontent.com/Chocolate4U/Iran-sing-box-rules/rule-set/geosite-ir.srs",
      "type": "remote",
      "format": "binary",
      "url": "https://raw.githubusercontent.com/Chocolate4U/Iran-sing-box-rules/rule-set/geosite-ir.srs"
    },
    {
      "tag": "https://raw.githubusercontent.com/Chocolate4U/Iran-sing-box-rules/rule-set/geoip-ir.srs",
      "type": "remote",
      "format": "binary",
      "url": "https://raw.githubusercontent.com/Chocolate4U/Iran-sing-box-rules/rule-set/geoip-ir.srs"
    },
    {
      "tag": "https://raw.githubusercontent.com/Chocolate4U/Iran-sing-box-rules/rule-set/geosite-ir.srs",
      "type": "remote",
      "format": "binary",
      "url": "https://raw.githubusercontent.com/Chocolate4U/Iran-sing-box-rules/rule-set/geosite-ir.srs"
    }
  ]
}